UNITID,USNEWSRANK,INSTNM,IALIAS,COUNTYNM,CITY,STABBR,ZIP,WEBADDR,CONTROL,RETENTION,STUFACR,FTCT,COHORT,GRADS,GRRATE,PELLCOHORT,PELLGRADS,PELLGRRATE,FACFT,FACTOT,FTPCT,AVGSAL,SATVR25,SATVR75,SATMT25,SATMT75,ACTCM25,ACTCM75,ADMSSN,APPLCN,ACPTRT,EINSTRUCTIONAL,ERESEARCH,EPUBLIC,EACADEMIC,ESTUDENT,EINSTITUTIONAL,ENDOWMENT
186131,1.0,Princeton University, ,Mercer County,Princeton,NJ,08544-0070,www.princeton.edu,2,98.0,5.0,1338.0,1284,1257,0.9789719626168224,186,162.0,0.8709677419354839,992.0,1188,0.835016835016835,186514.0,710.0,770.0,750.0,800.0,33.0,35.0,1895.0,32804,0.057767345445677354,398616.59192825115,287003.7369207773,7050.822122571001,131804.932735426,106076.98056801196,160583.70702541107,19150693.7593423
166683,3.0,Massachusetts Institute of Technology,MIT  M.I.T.,Middlesex County,Cambridge,MA,02139-4307,web.mit.edu/,2,99.0,3.0,1114.0,1108,1057,0.953971119133574,205,187.0,0.9121951219512195,1028.0,1040,0.9884615384615385,179576.0,730.0,770.0,780.0,800.0,34.0,36.0,1427.0,21312,0.06695758258258258,830689.4075403949,1419594.2549371633,1354.5780969479354,395799.82046678633,90042.19030520646,566185.816876122,15658662.477558348
166027,2.0,Harvard University, ,Middlesex County,Cambridge,MA,02138,www.harvard.edu,2,97.0,6.0,1652.0,1654,1606,0.9709794437726723,273,260.0,0.9523809523809523,2155.0,2510,0.8585657370517928,187138.0,710.0,770.0,750.0,800.0,33.0,35.0,2009.0,43330,0.04636510500807754,783127.1186440678,689260.8958837773,0.0,522292.3728813559,126832.92978208233,579169.4915254237,24775847.457627118
130794,3.0,Yale University, ,New Haven County,New Haven,CT,06520,https://www.yale.edu,2,99.0,6.0,1573.0,1357,1319,0.971997052321297,155,148.0,0.9548387096774194,3880.0,4838,0.801984291029351,174836.0,720.0,770.0,740.0,800.0,33.0,35.0,2241.0,36844,0.06082401476495494,597171.257469803,365387.1366815003,49868.93006993007,969705.1379529561,239873.65162110617,172845.6306420852,19271974.57088366
243744,7.0,Stanford University, ,Santa Clara County,Stanford,CA,94305,www.stanford.edu/,2,99.0,5.0,1696.0,1674,1579,0.9432497013142175,233,211.0,0.9055793991416309,2199.0,2224,0.9887589928057554,187587.0,700.0,770.0,740.0,800.0,32.0,35.0,2062.0,47498,0.043412354204387556,1219273.5849056605,525341.9811320754,0.0,111267.09905660378,139928.65566037735,357905.6603773585,16332449.29245283
144050,3.0,University of Chicago, ,Cook County,Chicago,IL,60637,WWW.UCHICAGO.EDU,2,99.0,5.0,1809.0,1424,1349,0.9473314606741573,150,141.0,0.94,2538.0,3015,0.8417910447761194,168253.0,730.0,770.0,770.0,800.0,33.0,35.0,2137.0,34641,0.06168990502583643,779664.6467661691,219831.7744610282,0.0,64831.30679933665,63418.137645107796,184033.8363736871,4004755.6572692096
215062,8.0,University of Pennsylvania,"Penn, U of PA, U-Penn, U of P, Pennsylvania, UPenn, Pennsylvania University, University of Pennsylvania, Wharton, Wharton School of Business",Philadelphia County,Philadelphia,PA,19104-6303,www.upenn.edu,2,98.0,6.0,2457.0,2351,2257,0.9600170140365801,331,306.0,0.9244712990936556,4575.0,5627,0.8130442509330016,164495.0,700.0,760.0,750.0,800.0,33.0,35.0,3446.0,44961,0.07664420275349748,581912.9019129019,340584.0455840456,16689.05168905169,376034.18803418806,43168.90516890517,122674.39967439967,5962458.68945869
162928,10.0,Johns Hopkins University,Johns Hopkins,Baltimore City,Baltimore,MD,21218-2688,www.jhu.edu,2,97.0,6.0,1420.0,1386,1287,0.9285714285714286,182,164.0,0.9010989010989011,4953.0,5068,0.9773086029992107,130615.0,710.0,760.0,750.0,800.0,33.0,35.0,3477.0,31139,0.11166061851697229,1548345.0704225353,2268935.915492958,0.0,37754.22535211268,95914.08450704225,399180.28169014084,4419675.352112676
110404,12.0,California Institute of Technology,Caltech,Los Angeles County,Pasadena,CA,91125,www.caltech.edu,2,98.0,3.0,231.0,249,233,0.9357429718875502,21,21.0,1.0,379.0,408,0.928921568627451,184604.0,740.0,760.0,790.0,800.0,35.0,36.0,537.0,8367,0.06418070993187522,1020885.696969697,1116806.6450216451,0.0,193638.98268398267,112182.16883116883,376432.50216450216,12930740.25974026
198419,8.0,Duke University, ,Durham County,Durham,NC,27708,WWW.DUKE.EDU,2,98.0,6.0,1731.0,1729,1636,0.9462116830537883,214,192.0,0.897196261682243,4059.0,4262,0.9523697794462693,151848.0,720.0,770.0,760.0,800.0,33.0,35.0,3187.0,41947,0.07597682790187618,688597.3425765453,579271.5193529752,0.0,121322.35701906412,49484.69093009821,175131.1380704795,4973428.076256499
147767,10.0,Northwestern University, ,Cook County,Evanston,IL,60208,www.northwestern.edu,2,98.0,6.0,1931.0,2034,1907,0.9375614552605703,314,287.0,0.9140127388535032,2682.0,3076,0.8719115734720416,157343.0,700.0,760.0,740.0,790.0,33.0,35.0,3673.0,40585,0.09050141677959837,430672.1905748317,276211.8073537027,0.0,202540.652511652,132684.10150181252,168814.6038322113,4269714.13775246
182670,12.0,Dartmouth College,"Dartmouth, Big Green",Grafton County,Hanover,NH,03755-3529,www.dartmouth.edu,2,98.0,7.0,1167.0,1109,1056,0.9522091974752029,157,146.0,0.9299363057324841,739.0,931,0.7937701396348013,145005.0,710.0,770.0,730.0,790.0,32.0,35.0,1875.0,23650,0.07928118393234672,164911.85347043702,130278.52185089975,1155.7172236503857,215220.70351328191,78659.00685518423,101847.67780634105,4911158.600685518
217156,14.0,Brown University, ,Providence County,Providence,RI,02912,www.brown.edu,2,98.0,6.0,1652.0,1537,1470,0.9564085881587508,291,268.0,0.9209621993127147,1030.0,1150,0.8956521739130435,137221.0,700.0,770.0,740.0,800.0,33.0,35.0,2733.0,38674,0.07066763200082743,207759.68523002422,90191.2832929782,2488.498789346247,116808.7167070218,46907.99031476997,69001.81598062954,2407199.757869249
221999,14.0,Vanderbilt University, ,Davidson County,Nashville,TN,37240,www.vanderbilt.edu,2,97.0,7.0,1601.0,1607,1494,0.9296826384567517,220,197.0,0.8954545454545455,1483.0,1802,0.8229744728079911,131982.0,710.0,760.0,750.0,800.0,33.0,35.0,3402.0,37310,0.09118198874296435,219404.09181761398,141870.32916926921,21997.74515927545,92538.9144284822,82230.42660836977,128938.67457838851,3916849.8026233604
179867,19.0,Washington University in St Louis,"WUSTL  Washington U  WashU  Washington, St. Louis  Washington University in St. Louis  Washington University, St. Louis  WashU  Wash-U  Wash U  Wash. U.",St. Louis County,Saint Louis,MO,63130-4899,www.wustl.edu,2,97.0,7.0,1785.0,1586,1501,0.9464060529634301,98,93.0,0.9489795918367347,3406.0,4118,0.8271005342399222,138359.0,720.0,760.0,760.0,800.0,33.0,35.0,3522.0,25426,0.13851962558011485,1215984.3137254901,303141.17647058825,21670.028011204482,118913.16526610644,57438.09523809524,92155.18207282913,4554892.43697479
227757,16.0,Rice University, ,Harris County,Houston,TX,77005-1827,www.rice.edu,2,98.0,6.0,956.0,974,902,0.9260780287474333,147,131.0,0.891156462585034,802.0,965,0.8310880829015544,149211.0,720.0,770.0,750.0,800.0,33.0,35.0,2361.0,27087,0.08716358400708828,346450.67782426777,141517.1569037657,0.0,41640.58158995816,85199.06380753138,66454.66945606694,6805624.476987448
190415,16.0,Cornell University, ,Tompkins County,Ithaca,NY,14853,www.cornell.edu,2,97.0,9.0,3295.0,3216,3040,0.945273631840796,481,441.0,0.9168399168399168,1910.0,2105,0.9073634204275535,141860.0,680.0,760.0,720.0,800.0,32.0,35.0,5330.0,49114,0.10852302805717311,232255.9808801214,128229.00849772383,52620.298027314115,89345.006676783,66451.07283763278,86687.60273141123,2116733.3948406675
190150,3.0,Columbia University in the City of New York,Columbia University,New York County,New York,NY,10027,www.columbia.edu,2,99.0,6.0,1445.0,1465,1399,0.9549488054607509,238,222.0,0.9327731092436975,4352.0,6656,0.6538461538461539,174879.0,700.0,770.0,740.0,800.0,33.0,35.0,2332.0,42823,0.05445671718469047,2030130.795847751,512784.0830449827,146788.23529411765,76220.76124567474,129207.6124567474,251635.29411764705,7578365.397923876
152080,18.0,University of Notre Dame,Notre Dame | Fighting Irish | ND,St. Joseph County,Notre Dame,IN,46556,www.nd.edu,2,98.0,9.0,2070.0,2063,1978,0.9587978671837131,224,207.0,0.9241071428571429,1471.0,1629,0.9030079803560467,133603.0,680.0,760.0,720.0,790.0,32.0,35.0,3515.0,22200,0.15833333333333333,210386.4734299517,71109.66183574879,16062.80193236715,65371.014492753624,29204.830917874395,121842.99516908213,5587422.222222222
110662,19.0,University of California-Los Angeles,UCLA,Los Angeles County,Los Angeles,CA,90095-1405,www.ucla.edu/,1,97.0,18.0,6233.0,5684,5201,0.9150246305418719,1791,1588.0,0.8866554997208264,4009.0,5150,0.7784466019417475,171353.0,650.0,740.0,650.0,790.0,29.0,35.0,13720.0,111321,0.12324718606552224,401734.07909513876,148638.68618642708,24864.215466067704,138026.93518369965,32488.737365634526,39308.38953954757,361842.130595219
110635,22.0,University of California-Berkeley,UC Berkeley,Alameda County,Berkeley,CA,94720,www.berkeley.edu,1,97.0,19.0,5980.0,4677,4331,0.9260209536027368,1127,995.0,0.8828748890860693,1820.0,2692,0.6760772659732541,160916.0,650.0,740.0,680.0,790.0,31.0,35.0,14278.0,87847,0.16253258506266577,142765.8456521739,110840.42658862876,14524.28745819398,30521.658862876255,42433.05635451505,49001.86856187291,358487.6254180602
139658,22.0,Emory University, ,DeKalb County,Atlanta,GA,30322,www.emory.edu,2,95.0,9.0,1429.0,1341,1207,0.9000745712155108,269,244.0,0.9070631970260223,3336.0,3979,0.8384016084443328,130960.0,670.0,740.0,690.0,790.0,31.0,34.0,4682.0,30017,0.15597827897524735,493655.7032890133,387527.64170748775,91667.59972008398,116177.7466759972,66489.85304408678,131755.0734779566,6036562.657102869
131496,22.0,Georgetown University,Georgetown|GU,District of Columbia,Washington,DC,20057-0001,www.georgetown.edu,2,97.0,11.0,1618.0,1591,1510,0.9490886235072281,202,182.0,0.900990099009901,1461.0,2720,0.5371323529411764,144241.0,690.0,760.0,690.0,790.0,31.0,35.0,3269.0,22764,0.1436039360393604,324747.21878862794,145323.23856613104,8401.112484548827,119421.50803461063,84833.74536464771,78822.00247218789,1126380.716934487
211440,25.0,Carnegie Mellon University,Carnegie Mellon; CMU,Allegheny County,Pittsburgh,PA,15213-3890,www.cmu.edu/,2,97.0,5.0,1572.0,1441,1304,0.9049271339347675,191,173.0,0.9057591623036649,1288.0,1406,0.9160739687055477,115214.0,700.0,760.0,760.0,800.0,33.0,35.0,4267.0,27634,0.1544112325396251,293598.3002544529,148651.13867684477,0.0,91315.29643765904,41826.24109414758,94838.87468193384,1261833.058524173
170976,27.0,University of Michigan-Ann Arbor,U of Michigan|U of M|Univ of Michigan|U Michigan Ann Arbor|University of Michigan Ann Arbor,Washtenaw County,Ann Arbor,MI,48109,https://umich.edu/,1,97.0,11.0,6664.0,6174,5757,0.9324586977648203,864,757.0,0.8761574074074074,6787.0,8362,0.8116479311169577,110617.0,660.0,740.0,680.0,790.0,31.0,34.0,14883.0,64972,0.22906790617496767,186185.02400960383,143369.44777911165,29957.68307322929,72566.62665066027,18987.094837935176,38191.92677070828,1841811.824729892
234076,25.0,University of Virginia-Main Campus,University of Virginia  UVa  UVA,Albemarle County,Charlottesville,VA,22903-2628,https://www.virginia.edu,1,97.0,15.0,3822.0,3513,3325,0.946484486194136,445,415.0,0.9325842696629213,3083.0,3265,0.9442572741194487,132551.0,670.0,740.0,670.0,780.0,30.0,34.0,9778.0,40839,0.2394279977472514,142438.5486656201,134160.49110413395,15078.845892203035,56140.66980638409,17964.931449502878,56708.7938252224,1819441.2537938252
123961,22.0,University of Southern California,USC,Los Angeles County,Los Angeles,CA,90089,www.usc.edu/,2,96.0,9.0,3399.0,2908,2661,0.9150618982118295,535,480.0,0.897196261682243,4467.0,6276,0.7117590822179732,136476.0,670.0,740.0,690.0,790.0,31.0,34.0,7558.0,66198,0.11417263361430859,696752.3136216535,135575.16916740217,20743.688437775818,22474.551338629008,86901.44160047073,232863.30626654899,1688604.0011768166
193900,30.0,New York University, ,New York County,New York,NY,10012-1091,www.nyu.edu,2,94.0,9.0,6110.0,5607,4762,0.8492955234528268,1216,977.0,0.803453947368421,5904.0,5943,0.9934376577486118,133866.0,660.0,740.0,690.0,790.0,30.0,34.0,12873.0,79462,0.16200196320253707,282205.2373158756,198862.356792144,2425.2045826513913,14306.219312602292,23140.425531914894,144985.27004909984,690615.3993453356
134130,35.0,University of Florida, ,Alachua County,Gainesville,FL,32611,www.ufl.edu/,1,97.0,17.0,6758.0,6353,5607,0.8825751613410987,1787,1532.0,0.8573027420257414,5571.0,6325,0.8807905138339921,107744.0,650.0,720.0,660.0,750.0,28.0,33.0,13925.0,40139,0.34691945489424253,120867.56436815627,112504.29121041729,117039.80467593962,33209.23350103581,7284.8475880438,28280.408404853508,269061.70464634505
199120,30.0,University of North Carolina at Chapel Hill, ,Orange County,Chapel Hill,NC,27599,www.unc.edu,1,96.0,13.0,4318.0,3941,3569,0.9056077137782289,870,772.0,0.8873563218390804,3952.0,4820,0.8199170124481328,115876.0,650.0,730.0,660.0,770.0,28.0,33.0,9610.0,42465,0.22630401507123513,188322.4726725336,151024.29782306624,38535.30917091246,38645.39810097267,12311.772579898101,51587.76864289022,813788.3784159333
199847,27.0,Wake Forest University, ,Forsyth County,Winston-Salem,NC,27106,www.wfu.edu,2,94.0,10.0,1420.0,1229,1085,0.8828315703824248,136,117.0,0.8602941176470589,2012.0,2275,0.8843956043956044,107868.0,,,,,,,3717.0,12559,0.2959630543833108,176145.0704225352,133021.8309859155,16785.211267605635,590975.352112676,27442.25352112676,98271.8309859155,968590.1408450705
168148,27.0,Tufts University, ,Middlesex County,Medford,MA,02155-5555,https://www.tufts.edu,2,96.0,9.0,1541.0,1307,1232,0.9426166794185157,150,143.0,0.9533333333333334,1004.0,1561,0.6431774503523382,114889.0,680.0,750.0,710.0,790.0,32.0,34.0,3404.0,22766,0.14952121584819467,196836.51589876704,106373.15055158988,0.0,139136.16417910447,22895.839065541855,84580.52173913043,1212175.2109020117
110705,30.0,University of California-Santa Barbara,UCSB  UC Santa Barbara,Santa Barbara County,Santa Barbara,CA,93106,www.ucsb.edu,1,92.0,18.0,5084.0,4597,3833,0.8338046552099195,1640,1315.0,0.801829268292683,1078.0,1240,0.8693548387096774,150259.0,620.0,710.0,610.0,770.0,27.0,34.0,27626.0,93446,0.2956359822785352,74415.55546813532,41772.56608969316,3160.63808025177,17236.927222659324,21995.167387883557,17171.64319433517,49478.756884343034
110680,41.0,University of California-San Diego,UCSD  UC San Diego,San Diego County,La Jolla,CA,92093,www.ucsd.edu,1,93.0,19.0,6701.0,5217,4558,0.873682192831129,1687,1430.0,0.8476585655008891,2721.0,3247,0.8380043116723129,148860.0,620.0,710.0,630.0,780.0,26.0,34.0,31200.0,99114,0.3147890308130032,120774.44664975377,136057.12192210119,3408.4123265184303,114034.04193403969,22462.690792419042,33530.78242053425,119294.13520370093
110653,33.0,University of California-Irvine,UCI  UC Irvine,Orange County,Irvine,CA,92697,www.uci.edu/,1,94.0,18.0,5779.0,5449,4599,0.8440080748761241,2538,2124.0,0.8368794326241135,2074.0,2491,0.832597350461662,145069.0,570.0,670.0,600.0,750.0,24.0,33.0,25360.0,95565,0.26536912049390465,135536.90292438137,58602.63315452501,2855.2410451635233,37869.54403876103,22015.673299878872,16860.631597162137,83615.67745284652
195030,33.0,University of Rochester, ,Monroe County,Rochester,NY,14627-0011,https://www.rochester.edu,2,94.0,10.0,1522.0,1467,1283,0.874573960463531,283,242.0,0.8551236749116607,2590.0,2870,0.9024390243902439,119450.0,640.0,720.0,670.0,780.0,30.0,34.0,6430.0,21642,0.29710747620367806,252989.48751642575,216757.555847569,13003.942181340342,52793.69250985546,52680.026281208935,158092.64126149804,1522706.3074901446
164924,38.0,Boston College, ,Middlesex County,Chestnut Hill,MA,02467,www.bc.edu,2,95.0,13.0,2326.0,2298,2161,0.9403829416884247,279,267.0,0.956989247311828,972.0,1459,0.6662097326936258,140395.0,660.0,730.0,680.0,770.0,31.0,34.0,9679.0,35552,0.272249099909991,135485.92820292347,20301.404127257094,2148.12252794497,42898.02966466036,28308.327601031815,59705.281599312126,1046354.7321582115
110644,38.0,University of California-Davis,UC Davis,Yolo County,Davis,CA,95616-8678,ucdavis.edu,1,92.0,20.0,6296.0,5070,4394,0.8666666666666667,1892,1569.0,0.8292811839323467,2591.0,3040,0.8523026315789474,138076.0,580.0,680.0,590.0,730.0,24.0,32.0,30358.0,78093,0.3887416285710627,140535.05257306228,100790.09783989834,15653.51794790343,48330.21410419314,24788.654701397714,29860.01572426938,75891.51842439645
228778,49.0,The University of Texas at Austin,UT Austin,Travis County,Austin,TX,78705,www.utexas.edu,1,96.0,19.0,8817.0,7118,6094,0.8561393649901657,1773,1404.0,0.7918781725888325,2700.0,3261,0.827966881324747,123548.0,620.0,720.0,610.0,760.0,27.0,33.0,17029.0,53525,0.31815039701074266,100553.97652262675,72043.96620165589,17274.843257343768,49600.24498128615,7352.712373823296,25230.26970624929,486354.05909039354
240444,49.0,University of Wisconsin-Madison, ,Dane County,Madison,WI,53706-1380,www.wisc.edu,1,95.0,17.0,6851.0,6323,5540,0.8761663767199115,907,715.0,0.7883131201764058,3769.0,4887,0.7712297933292408,115358.0,630.0,700.0,670.0,780.0,27.0,32.0,23886.0,43896,0.5441498086386003,98197.05371478616,152915.19690556123,32730.916362574808,34122.16829659903,23451.512479929937,16662.678149175303,668468.8498029484
231624,38.0,William & Mary,William & Mary,Williamsburg City,Williamsburg,VA,23187-8795,https://www.wm.edu,1,95.0,11.0,1545.0,1475,1329,0.9010169491525424,143,131.0,0.916083916083916,746.0,926,0.8056155507559395,102763.0,660.0,740.0,660.0,770.0,30.0,34.0,5532.0,14680,0.3768392370572207,90353.0,40518.51003236246,230.06601941747573,31133.727508090615,13796.33786407767,30601.46084142395,644578.613592233
164988,42.0,Boston University,BU|Boston U,Suffolk County,Boston,MA,02215,www.bu.edu,2,94.0,10.0,3611.0,3800,3361,0.8844736842105263,588,530.0,0.9013605442176871,3160.0,4139,0.7634694370620922,131368.0,650.0,720.0,690.0,790.0,30.0,34.0,11786.0,62224,0.18941244535870402,306353.36471891444,65907.22791470507,13009.969537524232,36992.24591525893,24866.518969814457,53405.70479091664,640096.3721960676
145637,46.0,University of Illinois at Urbana-Champaign,Illinois|Illinios|Ilinois|Ilinios|Urbana|Champaign|Champagne|Champaign-Urbana|Champagne-Urbana|Urbana-Champaign|Urbana-Champagne|University of Illinois at Urbana|University of Illinois at Champaign|University of Illinois at Champagne|University of Illinois at Champaign-Urbana|University of Illinois at Champagne-Urbana|UIUC|UICU|University of Illinois at UC|University of Illinois at CU,Champaign County,Champaign,IL,61820-5711,www.illinois.edu/,1,93.0,20.0,7600.0,7316,6228,0.8512848551120831,1597,1281.0,0.802128991859737,2560.0,3458,0.7403123192596877,115466.0,600.0,700.0,610.0,770.0,26.0,32.0,25684.0,43509,0.5903146475441863,101529.22802631579,79674.08921052632,28446.426842105262,49903.79789473684,21617.185657894737,11474.371447368421,233191.80592105264
139755,35.0,Georgia Institute of Technology-Main Campus,Georgia Tech,Fulton County,Atlanta,GA,30332-0530,www.gatech.edu,1,97.0,19.0,3115.0,2670,2398,0.89812734082397,371,307.0,0.8274932614555256,1230.0,1389,0.8855291576673866,116744.0,630.0,730.0,670.0,780.0,29.0,34.0,7584.0,36856,0.2057738224441068,121085.63659711076,301715.42600321025,26947.67191011236,23498.161155698235,18331.684430176567,34580.35826645265,696309.7913322633
165015,35.0,Brandeis University, ,Middlesex County,Waltham,MA,02454-9110,www.brandeis.edu/,2,93.0,10.0,895.0,832,726,0.8725961538461539,179,149.0,0.8324022346368715,390.0,564,0.6914893617021277,120660.0,660.0,730.0,690.0,790.0,30.0,33.0,3391.0,11343,0.2989508948250022,146539.29497206703,54192.43687150838,0.0,53890.693854748606,41530.80558659218,54939.17877094972,1199470.243575419
201645,42.0,Case Western Reserve University,CWRU|Case|Case Western Reserve,Cuyahoga County,Cleveland,OH,44106,www.case.edu,2,93.0,11.0,1393.0,1248,1053,0.84375,234,191.0,0.8162393162393162,1274.0,1553,0.8203477141017386,109727.0,640.0,720.0,700.0,790.0,30.0,34.0,7876.0,28786,0.2736052247620371,245193.91241923906,282813.0222541278,0.0,17096.683417085427,24944.94759511845,92044.16941852118,1339913.8549892318
160755,44.0,Tulane University of Louisiana, ,Orleans Parish,New Orleans,LA,70118-5698,tulane.edu,2,93.0,8.0,1909.0,1603,1382,0.8621334996880848,154,123.0,0.7987012987012987,1409.0,1961,0.7185109637939827,110332.0,660.0,750.0,700.0,770.0,31.0,33.0,5431.0,42185,0.12874244399668128,183437.4017810372,82957.56940806705,15951.283394447355,95920.90099528548,47008.38135149293,57412.78156102671,745576.2179151388
167358,44.0,Northeastern University, ,Suffolk County,Boston,MA,02115-5005,www.northeastern.edu,2,99.0,14.0,2746.0,2886,2572,0.8911988911988912,320,279.0,0.871875,1403.0,1876,0.747867803837953,123786.0,680.0,750.0,710.0,790.0,32.0,35.0,11240.0,62263,0.18052454909014984,172098.32483612528,61959.941733430445,1261.4712308812818,73090.31318281137,49807.35615440641,55961.398397669334,391329.93445010926
139959,46.0,University of Georgia, ,Clarke County,Athens,GA,30602,www.uga.edu,1,96.0,17.0,5703.0,5218,4546,0.87121502491376,1124,893.0,0.7944839857651246,3184.0,3479,0.9152055188272492,104768.0,630.0,700.0,610.0,720.0,27.0,32.0,13265.0,29285,0.45296226737237494,69581.09889531825,80812.16920918814,36815.292302297035,27680.559004032966,8302.81430825881,23450.844467823954,235663.15307732773
204796,56.0,Ohio State University-Main Campus, ,Franklin County,Columbus,OH,43210,www.osu.edu/,1,94.0,19.0,7941.0,7113,6101,0.857725291719387,1301,1022.0,0.7855495772482706,4542.0,6938,0.6546555203228596,115770.0,600.0,690.0,650.0,770.0,28.0,32.0,25634.0,47703,0.5373666226442781,140780.50510011334,71027.14595139152,25760.772194937665,30051.788565671828,11913.797128825085,35557.333962976954,659024.3789195316
213543,53.0,Lehigh University, ,Northampton County,Bethlehem,PA,18015,www.lehigh.edu,2,93.0,9.0,1275.0,1197,1075,0.898078529657477,167,139.0,0.8323353293413174,548.0,653,0.8392036753445635,123863.0,620.0,690.0,660.0,760.0,29.0,33.0,5023.0,15649,0.32097897629241484,125898.82352941176,34466.666666666664,2364.705882352941,30821.960784313724,31658.823529411766,60592.1568627451,1107169.4117647058
243780,56.0,Purdue University-Main Campus,Purdue-West Lafayette|Purdue|PU|Purdue-WL,Tippecanoe County,West Lafayette,IN,47907-2040,https://www.purdue.edu,1,91.0,13.0,8453.0,6382,5230,0.8194923221560639,1218,879.0,0.7216748768472906,2249.0,2334,0.9635818337617823,114183.0,590.0,690.0,600.0,750.0,25.0,32.0,33093.0,55311,0.5983077507186636,97084.23376316101,39907.928546078314,18881.81474032888,16775.49911274104,7891.582041878623,18022.916715958832,300394.1880988998
216597,49.0,Villanova University, ,Delaware County,Villanova,PA,19085-1699,www.villanova.edu,2,96.0,11.0,1685.0,1659,1490,0.8981314044605184,208,183.0,0.8798076923076923,745.0,1144,0.6512237762237763,103782.0,650.0,710.0,670.0,760.0,31.0,34.0,6470.0,22909,0.2824217556418875,100566.4581602374,4195.042136498516,0.0,35443.883086053414,46210.63026706231,38802.785163204746,440985.7566765579
194824,49.0,Rensselaer Polytechnic Institute,"RPI, Rensselaer",Rensselaer County,Troy,NY,12180-3590,www.rpi.edu,2,92.0,12.0,1778.0,1410,1194,0.8468085106382979,246,200.0,0.8130081300813008,476.0,543,0.8766114180478821,116774.0,620.0,710.0,670.0,780.0,28.0,34.0,8835.0,18635,0.47410786155084517,88197.97525309336,61367.26659167604,0.0,12770.52868391451,18505.62429696288,28721.597300337457,414308.7739032621
121150,46.0,Pepperdine University, ,Los Angeles County,Malibu,CA,90263,www.pepperdine.edu/,2,91.0,13.0,800.0,783,674,0.8607918263090677,158,140.0,0.8860759493670886,458.0,860,0.5325581395348837,113431.0,610.0,700.0,620.0,750.0,27.0,32.0,4049.0,12764,0.3172203071137574,130090.0,3852.5,25270.0,98945.0,83183.75,105605.0,1146937.5
134097,70.0,Florida State University,Florida State|F.S.U.|FSU|F. S. U.|Fla. State University|Fla. State|Fl State University|Fl State|FL State University|FL State|Seminoles|Noles|Florida State Seminoles|Florida State University Seminoles|Fl. State|Fl. State University|The Florida State University|Floridia State University|Florda State University|Florida State Univerisity|Flordia State University|Florida State Unversity|,Leon County,Tallahassee,FL,32306-1037,www.fsu.edu,1,93.0,21.0,6259.0,6092,5061,0.8307616546290216,1637,1321.0,0.8069639584605987,2297.0,2738,0.8389335281227173,100538.0,610.0,670.0,590.0,670.0,26.0,30.0,21202.0,58936,0.3597461653318854,72478.18868828886,31979.858124301005,6334.5203706662405,20978.00734941684,10079.376737498003,14097.950151781435,112494.90477712094
122931,,Santa Clara University,SCU,Santa Clara County,Santa Clara,CA,95053,www.scu.edu,2,94.0,10.0,1390.0,1291,1177,0.9116963594113091,162,142.0,0.8765432098765432,568.0,891,0.6374859708193041,116858.0,630.0,700.0,650.0,740.0,28.0,32.0,7958.0,16300,0.48822085889570555,112282.0143884892,4351.798561151079,9478.41726618705,42495.68345323741,48489.20863309353,44240.287769784176,733640.2877697842
135726,53.0,University of Miami, ,Miami-Dade County,Coral Gables,FL,33146,www.miami.edu/,2,93.0,12.0,2342.0,2110,1753,0.8308056872037914,354,282.0,0.7966101694915254,2707.0,3043,0.8895826487019389,115799.0,630.0,700.0,640.0,740.0,29.0,32.0,10558.0,38920,0.2712744090441932,217591.05294619984,117584.49786507258,60688.134927412466,84666.80358667806,28085.067463706233,97566.8680614859,425880.95132365497
163286,63.0,University of Maryland-College Park, ,Prince George's County,College Park,MD,20742,www.umd.edu,1,95.0,18.0,6021.0,4018,3495,0.8698357391737183,559,451.0,0.8067978533094812,3803.0,4824,0.7883499170812603,121911.0,630.0,710.0,650.0,760.0,29.0,34.0,14585.0,33012,0.4418090391372834,89020.89270885235,80274.12207274539,15788.862315230028,34828.541272213915,9933.635608702873,24543.630792227206,114809.73559209434
236948,59.0,University of Washington-Seattle Campus,"UW-Seattle, UDub, UW, Washington",King County,Seattle,WA,98195-4550,www.washington.edu,1,95.0,20.0,7096.0,6226,5244,0.8422743334404111,1434,1125.0,0.7845188284518828,4426.0,5388,0.8214550853749072,120741.0,600.0,700.0,620.0,770.0,27.0,33.0,23592.0,45579,0.5176067926018562,224544.27987598648,119788.88500563698,10514.334977452085,73029.11598083428,8692.773252536641,36061.13768320181,521417.56834836525
186380,56.0,Rutgers University-New Brunswick,"Rutgers, The State University of New Jersey|Rutgers, The State University|Rutgers University|Rutgers, New Brunswick |Rutgers University-New Brunswick|Rutgers-New Jersey|Rutgers, The State University New Brunswick/Piscataway|Rutgers, New Brunswick|Rutgers|RU|Rutgers, New Jersey",Middlesex County,New Brunswick,NJ,08901-1281,https://newbrunswick.rutgers.edu,1,93.0,16.0,6788.0,6386,5354,0.8383964923269652,1836,1466.0,0.7984749455337691,4346.0,6901,0.6297638023474859,111728.0,590.0,680.0,620.0,750.0,25.0,32.0,25277.0,41286,0.6122414377755171,122757.66057748969,85446.08131997642,31883.176193282263,58502.65173836181,15760.164997053624,36914.11314083677,166503.83028874485
196413,53.0,Syracuse University, ,Onondaga County,Syracuse,NY,13244,https://www.syracuse.edu,2,92.0,15.0,3595.0,3465,2865,0.8268398268398268,839,679.0,0.8092967818831943,1210.0,1810,0.6685082872928176,108582.0,580.0,670.0,600.0,710.0,26.0,30.0,15664.0,35299,0.44375194764724213,122203.4364394993,18610.539638386646,0.0,35925.50236439499,40993.100417246176,35089.99415855355,387396.76773296244
215293,70.0,University of Pittsburgh-Pittsburgh Campus, ,Allegheny County,Pittsburgh,PA,15260,www.pitt.edu,1,93.0,14.0,4126.0,3844,3186,0.8288241415192508,620,468.0,0.7548387096774194,4521.0,5270,0.8578747628083492,101164.0,630.0,700.0,630.0,740.0,28.0,33.0,18180.0,32091,0.5665139758810882,137851.3737275812,186869.95201163355,20987.924624333496,64210.26708676684,41516.897237033445,41460.995637421234,1039741.755695589
131469,63.0,George Washington University,GWU|GW,District of Columbia,Washington,DC,20052,https://www.gwu.edu,2,92.0,13.0,2838.0,2340,1923,0.8217948717948718,335,255.0,0.7611940298507462,1551.0,3079,0.5037349788892498,133000.0,630.0,720.0,650.0,750.0,30.0,33.0,11019.0,26978,0.4084439172659204,196690.9795630726,74232.91050035236,0.0,72106.06060606061,37826.28611698379,45826.638477801265,626694.5031712473
174066,76.0,University of Minnesota-Twin Cities, ,Hennepin County,Minneapolis,MN,55455-0213,https://twin-cities.umn.edu,1,93.0,17.0,5962.0,5530,4585,0.8291139240506329,1150,880.0,0.7652173913043478,3411.0,4101,0.8317483540599854,110449.0,600.0,710.0,660.0,770.0,26.0,31.0,23076.0,40673,0.567354264499791,133344.8846024824,148766.88611204294,47833.40238175109,83099.48876216036,23596.9849043945,50446.70513250587,623058.6236162361
233921,76.0,Virginia Polytechnic Institute and State University,Virginia Tech,Montgomery County,Blacksburg,VA,24061-0131,WWW.VT.EDU,1,93.0,14.0,6183.0,5358,4590,0.8566629339305711,801,664.0,0.8289637952559301,4704.0,4780,0.9841004184100418,104398.0,590.0,680.0,590.0,710.0,25.0,31.0,22393.0,31974,0.7003502846062426,74796.41290635614,62575.97784247129,17360.882743005015,18449.963609898106,4587.2681546175,13414.450590328319,218098.01067442988
129020,,University of Connecticut, ,Tolland County,Storrs,CT,06269,uconn.edu/,1,94.0,16.0,3700.0,3733,3152,0.8443611036699705,687,551.0,0.8020378457059679,2050.0,2990,0.68561872909699,114275.0,590.0,690.0,610.0,720.0,26.0,32.0,17346.0,35096,0.49424435833143376,162636.2572972973,49089.567837837836,32446.22648648649,48935.03324324324,12942.621351351352,45817.62378378378,121629.5272972973
168421,59.0,Worcester Polytechnic Institute,WPI,Worcester County,Worcester,MA,01609-2280,https://www.wpi.edu/,2,95.0,14.0,1276.0,1102,983,0.8920145190562614,156,133.0,0.8525641025641025,474.0,568,0.8345070422535211,113880.0,,,,,,,5255.0,10645,0.49365899483325504,107776.64576802508,25329.153605015676,0.0,15927.115987460815,20939.655172413793,31264.1065830721,414018.0250783699
228723,66.0,Texas A & M University-College Station,Texas A&M | TAMU,Brazos County,College Station,TX,77843-1248,https://www.tamu.edu,1,93.0,20.0,10049.0,9018,7365,0.8166999334664006,2212,1624.0,0.7341772151898734,3378.0,3962,0.8525996971226654,110481.0,580.0,680.0,580.0,710.0,26.0,31.0,24549.0,42476,0.5779499011206328,93591.90207980893,79686.63538660563,27216.81162304707,34660.14857199721,10422.604040203005,13103.114837297244,1257049.7507214649
166629,70.0,University of Massachusetts-Amherst,UMass Amherst,Hampshire County,Amherst,MA,01003,www.umass.edu,1,91.0,17.0,4993.0,4658,3816,0.8192357234864749,1028,799.0,0.7772373540856031,1591.0,1992,0.7986947791164659,115397.0,590.0,680.0,600.0,710.0,26.0,32.0,26895.0,42157,0.6379723414853998,107550.44462247146,30426.750450630883,6190.301221710394,18722.897656719408,15807.782094932905,20908.001802523533,72620.9975966353
197708,80.0,Yeshiva University, ,New York County,New York,NY,10033-3299,www.yu.edu,2,91.0,7.0,531.0,611,501,0.8199672667757774,104,82.0,0.7884615384615384,344.0,344,1.0,111496.0,590.0,700.0,560.0,690.0,24.0,30.0,919.0,1660,0.5536144578313253,170126.1770244821,3638.4180790960454,0.0,81374.76459510358,48062.146892655364,102468.92655367231,949065.9133709981
191241,70.0,Fordham University, ,Bronx County,Bronx,NY,10458,www.fordham.edu,2,91.0,13.0,2285.0,1941,1606,0.8274085522926327,373,299.0,0.8016085790884718,583.0,583,1.0,128127.0,620.0,710.0,620.0,740.0,28.0,32.0,21988.0,47930,0.4587523471729606,163946.170678337,0.0,0.0,76957.98687089716,0.0,37080.0875273523,321013.56673960615
151351,89.0,Indiana University-Bloomington,IUB | IU Bloomington,Monroe County,Bloomington,IN,47405-7000,www.indiana.edu/,1,90.0,16.0,8058.0,7575,5978,0.7891749174917492,1399,969.0,0.6926375982844889,2453.0,2799,0.8763844230082172,96084.0,580.0,670.0,570.0,690.0,24.0,31.0,33425.0,42902,0.7791012074029183,83057.66344005956,15498.423926532638,4616.355547282204,25938.970588235294,8037.050012410027,20761.57880367337,145547.09034499875
228246,63.0,Southern Methodist University,SMU,Dallas County,Dallas,TX,75275-0221,www.smu.edu,2,91.0,11.0,1526.0,1428,1159,0.811624649859944,170,124.0,0.7294117647058823,809.0,1207,0.6702568351284176,118011.0,640.0,720.0,660.0,760.0,29.0,33.0,6601.0,13959,0.4728848771401963,136391.21887287026,21748.361730013105,8325.032765399737,59009.829619921366,34218.87287024902,60761.46788990826,1053298.1651376146
131159,78.0,American University, ,District of Columbia,Washington,DC,20016-8001,WWW.AMERICAN.EDU,2,87.0,11.0,1752.0,1624,1280,0.7881773399014779,298,232.0,0.7785234899328859,934.0,1666,0.56062424969988,109478.0,620.0,700.0,590.0,690.0,27.0,31.0,6691.0,18545,0.3607980587759504,123797.94520547945,37942.35159817352,17126.712328767124,41836.75799086758,31951.48401826484,50889.840182648404,402412.6712328767
199193,80.0,North Carolina State University at Raleigh,NC State University | NC State | N C State University | N C State | NCSU,Wake County,Raleigh,NC,27695-7001,www.ncsu.edu,1,94.0,14.0,4832.0,4297,3519,0.8189434489178496,760,590.0,0.7763157894736842,2369.0,2709,0.8744924326319675,100211.0,620.0,690.0,630.0,730.0,27.0,32.0,14050.0,31130,0.45133311917764213,104413.90355960265,73457.13824503311,30049.92632450331,21670.531663907284,8259.914735099337,23149.24482615894,289870.6539735099
214777,59.0,Pennsylvania State University-Main Campus,Penn State,Centre County,University Park,PA,16802-1503,www.psu.edu/,1,88.0,15.0,15233.0,16290,11548,0.7089011663597299,3973,2210.0,0.5562547193556506,6595.0,8515,0.7745155607751028,97442.0,540.0,640.0,530.0,670.0,23.0,30.0,72880.0,95970,0.7594039804105449,86026.78395588524,57794.91892601589,7147.902579925162,24342.08626009322,13502.855642355413,25686.732751263702,207762.7519201733
223232,78.0,Baylor University, ,McLennan County,Waco,TX,76798,www.baylor.edu,2,88.0,13.0,3364.0,3185,2491,0.7821036106750392,640,423.0,0.6609375,1213.0,1635,0.7418960244648318,91966.0,600.0,680.0,600.0,700.0,26.0,32.0,15676.0,34582,0.4532994043143832,92820.74910820452,10116.825208085613,2501.189060642093,17956.30202140309,50485.13674197384,24974.137931034482,393228.89417360286
217882,66.0,Clemson University, ,Pickens County,Clemson,SC,29634,www.clemson.edu,1,93.0,16.0,3785.0,3283,2749,0.837343892780993,493,353.0,0.716024340770791,1569.0,1696,0.9251179245283019,95885.0,620.0,690.0,610.0,710.0,27.0,32.0,14900.0,29070,0.5125558995528036,83996.8895640687,54974.537912813736,21943.18652575958,18859.019286657858,14580.195244385734,15402.277939233818,204627.2250990753
117946,,Loyola Marymount University, ,Los Angeles County,Los Angeles,CA,90045-2659,https://www.lmu.edu,2,89.0,10.0,1510.0,1338,1069,0.7989536621823617,256,197.0,0.76953125,716.0,1291,0.5546088303640588,107882.0,620.0,700.0,610.0,710.0,27.0,31.0,8150.0,18592,0.4383605851979346,104635.09933774834,4144.3708609271525,1087.4172185430464,37459.60264900662,43725.82781456954,46337.74834437086,315362.9139072848
171100,85.0,Michigan State University,MSU|Spartans|MI State University|State|MI State U,Ingham County,East Lansing,MI,48824-1046,https://www.msu.edu,1,91.0,16.0,8500.0,7918,6392,0.8072745642839101,1668,1179.0,0.7068345323741008,2986.0,3393,0.8800471559092249,108234.0,550.0,650.0,550.0,670.0,23.0,29.0,31522.0,44322,0.7112043680339335,94796.37188235293,55220.10858823529,41583.47223529412,20493.322352941177,7634.145882352941,22928.04,404016.77164705883
196097,80.0,Stony Brook University,SUNY Stony Brook  State University of New York at Stony Brook,Suffolk County,Stony Brook,NY,11794,https://www.stonybrook.edu,1,89.0,19.0,3375.0,2707,2067,0.7635759142962689,866,689.0,0.7956120092378753,2030.0,2833,0.7165548888104483,109401.0,590.0,690.0,640.0,750.0,26.0,32.0,16370.0,37079,0.4414897920655897,151606.47051851853,39203.300444444445,9719.055703703703,33761.09185185185,19014.68325925926,37970.22992592592,78757.54162962963
235316,,Gonzaga University, ,Spokane County,Spokane,WA,99258-0001,https://www.gonzaga.edu,2,94.0,11.0,1196.0,1234,1044,0.8460291734197731,209,177.0,0.84688995215311,470.0,847,0.5548996458087367,88231.0,600.0,670.0,600.0,690.0,25.0,30.0,5745.0,9311,0.6170121361830093,76241.63879598663,0.0,0.0,23235.78595317726,47415.55183946488,30857.023411371236,250602.84280936455
196079,80.0,Binghamton University,Binghamton University,Broome County,Vestal,NY,13850-6000,www.binghamton.edu,1,90.0,19.0,2906.0,2548,2079,0.8159340659340659,656,532.0,0.8109756097560976,742.0,1067,0.6954076850984068,89702.0,630.0,700.0,650.0,740.0,29.0,32.0,15206.0,37516,0.40532039663077085,72360.01789401239,14991.235719201652,2716.497935306263,22465.476256022022,11281.018582243634,19275.87680660702,40372.10495526497
239105,89.0,Marquette University, ,Milwaukee County,Milwaukee,WI,53233,www.marquette.edu,2,90.0,14.0,2162.0,1989,1624,0.81649069884364,345,265.0,0.7681159420289855,741.0,1297,0.5713184271395528,92025.0,560.0,650.0,560.0,670.0,24.0,29.0,12509.0,15078,0.8296193129062209,57583.71877890842,19657.7243293247,2797.4098057354304,29549.028677150785,30788.159111933393,40428.307123034225,322849.21369102685
186867,70.0,Stevens Institute of Technology,Stevens,Hudson County,Hoboken,NJ,07030-5991,www.stevens.edu,2,94.0,12.0,1009.0,622,527,0.8472668810289389,126,97.0,0.7698412698412699,328.0,328,1.0,137860.0,640.0,720.0,700.0,780.0,31.0,34.0,4186.0,10475,0.399618138424821,84656.09514370664,28433.102081268582,835.4806739345887,33091.17938553023,34108.02775024777,33197.22497522299,222303.27056491576
153658,89.0,University of Iowa,Iowa|UI,Johnson County,Iowa City,IA,52242-1316,www.uiowa.edu,1,86.0,15.0,4726.0,4269,3083,0.7221831810728507,796,474.0,0.5954773869346733,2583.0,3012,0.8575697211155379,101179.0,560.0,660.0,570.0,680.0,22.0,29.0,21404.0,25928,0.8255168157975933,90274.65086754126,86522.42911553111,23406.051629284808,38019.255184088026,11475.666525603046,14900.338552687263,334095.0063478629
110714,70.0,University of California-Santa Cruz,UC Santa Cruz,Santa Cruz County,Santa Cruz,CA,95064-1011,www.ucsc.edu/,1,89.0,25.0,3682.0,3290,2468,0.7501519756838906,1432,1023.0,0.7143854748603352,679.0,894,0.7595078299776287,136150.0,600.0,670.0,600.0,710.0,26.0,32.0,28629.0,55796,0.5131012975840562,56301.69717544813,33861.637696903854,12013.191743617599,14292.984790874525,26936.11732753938,16682.460347637152,29985.334057577402
230038,63.0,Brigham Young University-Provo,BYU,Utah County,Provo,UT,84602,www.byu.edu,2,90.0,20.0,5633.0,3249,2530,0.7787011388119421,483,346.0,0.7163561076604554,1532.0,2120,0.7226415094339622,102344.0,610.0,710.0,600.0,710.0,26.0,31.0,7086.0,10500,0.6748571428571428,95687.45943546956,7966.82957571454,11738.194567725901,12483.789632522634,10589.549263270015,20662.988638380968,333445.05592046864
126775,80.0,Colorado School of Mines,Mines,Jefferson County,Golden,CO,80401,www.mines.edu,1,92.0,15.0,1196.0,954,791,0.8291404612159329,134,104.0,0.7761194029850746,468.0,475,0.9852631578947368,108646.0,620.0,710.0,540.0,750.0,27.0,33.0,6240.0,11756,0.5307927866621299,86618.00752508361,57046.823578595315,1256.378762541806,21946.31856187291,9381.304347826086,25539.73745819398,210405.8102006689
198516,,Elon University, ,Alamance County,Elon,NC,27244-2010,www.elon.edu,2,91.0,12.0,1698.0,1474,1256,0.8521031207598372,123,108.0,0.8780487804878049,485.0,644,0.7531055900621118,84677.0,590.0,660.0,570.0,660.0,25.0,30.0,8236.0,10500,0.7843809523809524,70280.12073027091,0.0,0.0,5106.885747938752,27322.459363957598,22608.359835100116,158980.36925795054
131520,89.0,Howard University,HU,District of Columbia,Washington,DC,20059-0001,www.howard.edu,2,86.0,10.0,1498.0,1576,1024,0.649746192893401,781,472.0,0.6043533930857875,989.0,1209,0.8180314309346567,88081.0,580.0,650.0,550.0,630.0,22.0,27.0,7578.0,21006,0.3607540702656384,145632.8437917223,28654.87316421896,8341.121495327103,35780.3738317757,22757.00934579439,109716.955941255,462504.67289719626
228875,80.0,Texas Christian University,TCU,Tarrant County,Fort Worth,TX,76129,www.tcu.edu/,2,91.0,13.0,2187.0,1934,1596,0.8252326783867632,181,152.0,0.8397790055248618,754.0,807,0.9343246592317225,109175.0,580.0,670.0,570.0,680.0,25.0,31.0,8966.0,19028,0.4712003363464368,89441.24371284865,3015.546410608139,0.0,22986.282578875172,47779.587105624145,22915.409236396892,741044.8102423411
110671,85.0,University of California-Riverside,UC Riverside,Riverside County,Riverside,CA,92521,www.ucr.edu/,1,90.0,22.0,4530.0,4184,3179,0.7597992351816444,2317,1742.0,0.7518342684505827,1062.0,1212,0.8762376237623762,126890.0,570.0,650.0,560.0,680.0,23.0,30.0,27984.0,49515,0.5651620720993639,83361.89249448123,34406.630463576155,2758.809050772627,13328.004856512141,23524.716114790288,17496.154304635762,38974.39293598234
196088,89.0,University at Buffalo,University at Buffalo|UB|State University of New York at Buffalo|SUNY Buffalo|University of Buffalo,Erie County,Buffalo,NY,14260-1660,www.buffalo.edu,1,86.0,14.0,4252.0,3438,2585,0.751890634089587,1145,814.0,0.7109170305676856,1694.0,2421,0.6997108632796365,96732.0,570.0,650.0,590.0,690.0,24.0,29.0,18264.0,29900,0.6108361204013378,115813.48047977423,35814.80597365945,3202.3838193791157,36328.269285042334,10178.56632173095,32035.871825023518,187651.62017873942
130943,89.0,University of Delaware,UD,New Castle County,Newark,DE,19716,www.udel.edu/,1,91.0,15.0,4242.0,4208,3394,0.8065589353612167,582,425.0,0.7302405498281787,1356.0,1381,0.9818971759594497,119070.0,580.0,670.0,580.0,680.0,24.0,30.0,19172.0,26866,0.7136157224745031,115416.56977840641,36942.95874587459,12278.1228194248,19967.28830740217,10320.516265912305,27792.011315417258,345608.1881188119
445188,,University of California-Merced,UC Merced,Merced County,Merced,CA,95343-5603,ucmerced.edu,1,85.0,19.0,2206.0,1650,1146,0.6945454545454546,1046,710.0,0.6787762906309751,407.0,434,0.9377880184331797,104719.0,500.0,590.0,500.0,590.0,19.0,25.0,18294.0,25424,0.7195563247325362,38949.336808703534,20838.568449682683,3914.459655485041,17336.130553037172,17627.603807796917,32602.830915684495,6247.053490480508
122436,85.0,University of San Diego,USD,San Diego County,San Diego,CA,92110-2492,www.sandiego.edu,2,92.0,14.0,1308.0,1238,1008,0.81421647819063,237,187.0,0.7890295358649789,520.0,983,0.5289928789420142,111525.0,600.0,680.0,590.0,690.0,26.0,31.0,6697.0,13755,0.48687749909123956,107724.77064220184,3360.091743119266,5458.715596330275,23902.140672782876,33738.53211009174,49223.241590214064,417100.1529051988
100858,115.0,Auburn University, ,Lee County,Auburn,AL,36849,www.auburn.edu,1,91.0,20.0,4744.0,3691,2920,0.791113519371444,482,331.0,0.6867219917012448,1563.0,1786,0.8751399776035834,96112.0,580.0,650.0,570.0,670.0,25.0,31.0,16300.0,20205,0.8067310071764415,53150.606871838114,43884.46964586846,22863.864038785836,28424.715640809445,8580.636382799325,18803.551011804386,163266.16968802697
126614,96.0,University of Colorado Boulder,U of Colorado|Univ of Colorado|University of Colorado|U of CO|Univ of CO|University of CO|Boulder|CU|CU-Boulder|UCB|CUB|Colorado|Colorado University|U of Colo|Univ of Colo|University of Colo|Colo|Buffs|Buffalos|Buffaloes|CU at Boulder|Golden Buffs|University of Colorado at Boulder,Boulder County,Boulder,CO,80309-0017,www.colorado.edu,1,87.0,18.0,6613.0,5770,3985,0.6906412478336221,991,609.0,0.6145307769929365,2689.0,3640,0.7387362637362638,107043.0,580.0,670.0,560.0,690.0,25.0,31.0,31872.0,40677,0.7835386090419647,91902.05353092393,65667.4480568577,2669.9278693482534,22412.75744745199,10248.793437169212,20641.284742174506,
165334,66.0,Clark University, ,Worcester County,Worcester,MA,01610-1477,www.clarku.edu,2,86.0,11.0,582.0,614,482,0.7850162866449512,159,114.0,0.7169811320754716,223.0,223,1.0,99641.0,,,,,,,4032.0,7639,0.527817777195968,75250.85910652921,14097.938144329897,0.0,29283.505154639177,25692.439862542957,29347.079037800686,717476.9295532646
185828,,New Jersey Institute of Technology,NJIT,Essex County,Newark,NJ,07102,www.njit.edu/,1,88.0,16.0,1235.0,948,637,0.6719409282700421,350,220.0,0.6285714285714286,452.0,809,0.5587144622991347,114227.0,580.0,670.0,610.0,720.0,24.0,31.0,5971.0,8201,0.7280819412266797,108854.25101214575,81633.1983805668,3715.7894736842104,31259.919028340082,29231.57894736842,65366.8016194332,99442.91497975709
145600,,University of Illinois at Chicago,UIC|U of I-Chicago|Illinois-Chicago|U of I-Medical Center|University of Illinois-Medical Center|,Cook County,Chicago,IL,60607,www.uic.edu,1,79.0,18.0,4109.0,3074,1860,0.605074821080026,1713,1011.0,0.5901926444833625,2587.0,3714,0.6965535810446958,107518.0,510.0,620.0,520.0,640.0,21.0,28.0,16501.0,22696,0.7270444131124427,206516.3489900219,72551.25358968119,56705.21635434412,50456.46215624239,16099.087855926016,18663.01070820151,89508.07033341445
137351,,University of South Florida-Main Campus,USF Tampa  USF Tampa Campus  USF Tampa  USF,Hillsborough County,Tampa,FL,33620-9951,www.usf.edu,1,91.0,23.0,4334.0,3845,2887,0.7508452535760728,1507,1086.0,0.7206370272063702,2277.0,2942,0.7739632902787219,93560.0,590.0,660.0,580.0,670.0,25.0,30.0,17618.0,36986,0.4763423998269615,89937.94877711122,79487.06622058144,3746.1070604522383,31950.830872173512,12146.294416243654,22916.046838947856,110768.23188740194
127060,96.0,University of Denver,DU,Denver County,Denver,CO,80208,www.du.edu,2,85.0,12.0,1464.0,1399,1073,0.7669764117226591,219,161.0,0.7351598173515982,805.0,1503,0.5355954757152362,101819.0,590.0,670.0,580.0,680.0,26.0,31.0,12345.0,21028,0.5870743770211148,123162.59357923498,11805.987021857924,12005.821038251366,63273.43237704918,44418.04439890711,51059.05737704918,537175.8531420765
209551,102.0,University of Oregon,UO,Lane County,Eugene,OR,97403,https://www.uoregon.edu,1,86.0,17.0,4107.0,3912,2910,0.7438650306748467,956,640.0,0.6694560669456067,1725.0,2046,0.843108504398827,94590.0,560.0,660.0,540.0,650.0,22.0,28.0,22256.0,27209,0.8179646440516005,83409.57657657658,22471.92963233504,13779.90260530801,19181.19381543706,13431.888483077671,21282.63160457755,230599.51302654005
230764,,University of Utah,The U,Salt Lake County,Salt Lake City,UT,84112-9008,www.utah.edu,1,89.0,17.0,3987.0,2333,1622,0.695242177453922,585,324.0,0.5538461538461539,3364.0,3571,0.9420330439652759,98862.0,573.0,680.0,570.0,700.0,22.0,29.0,15159.0,24404,0.6211686608752663,119152.74642588412,96544.26887383997,173755.20441434663,45693.002257336346,20630.80010032606,60576.874843240534,271022.57336343115
212054,102.0,Drexel University,Drexel,Philadelphia County,Philadelphia,PA,19104,https://drexel.edu,2,89.0,11.0,3353.0,3005,2084,0.6935108153078203,586,361.0,0.6160409556313993,1443.0,2408,0.5992524916943521,104441.0,590.0,680.0,600.0,710.0,25.0,31.0,23771.0,31824,0.7469519859225742,121448.25529376678,41409.18580375783,372.80047718461077,60463.46555323591,24182.224873247837,48351.62541008052,242673.72502236802
204024,89.0,Miami University-Oxford,Miami of Ohio,Butler County,Oxford,OH,45056,miamioh.edu,1,89.0,13.0,3925.0,3617,2940,0.8128283107547691,370,278.0,0.7513513513513513,1009.0,1009,1.0,89131.0,590.0,680.0,600.0,710.0,25.0,30.0,23248.0,27247,0.8532315484273498,57305.494267515925,4111.823694267516,810.0580891719745,19063.56050955414,7441.95872611465,17502.04076433121,142323.05732484077
179159,106.0,Saint Louis University, ,St. Louis City,Saint Louis,MO,63103-2097,www.slu.edu,2,91.0,9.0,1511.0,1630,1286,0.7889570552147239,293,196.0,0.6689419795221843,1390.0,1840,0.7554347826086957,95108.0,590.0,680.0,580.0,700.0,25.0,30.0,9076.0,15573,0.5828035702818981,162922.08338848446,25898.489741892787,7928.477167438782,36958.660489741895,18848.868960953012,61072.7193911317,829038.9602911979
104179,106.0,University of Arizona,"UA|U of A|Arizona|UofA|The University of Arizona|University of Arizona|University of Az|AZ|Univ. of Arizona|Univ. of Az|Tucson|Tucson, AZ|the university of Arizona|the Univ. of Az|the U of AZ|the U of Az|Ariz.|Arizona University|Az+university|85721|AZ+univ|AZ university|",Pima County,Tucson,AZ,85721-0066,https://www.arizona.edu,1,83.0,15.0,6011.0,6266,4055,0.6471433131184169,1923,1077.0,0.5600624024960998,2610.0,3417,0.7638279192273925,100977.0,560.0,670.0,550.0,690.0,21.0,29.0,34558.0,40854,0.8458902433054291,98541.8399600732,87964.39860256197,15588.088504408584,55614.04092497089,16016.636167027116,32116.120445849276,172705.51805024123
122612,,University of San Francisco, ,San Francisco County,San Francisco,CA,94117-1080,https://www.usfca.edu,2,85.0,13.0,1541.0,1145,859,0.7502183406113537,311,236.0,0.7588424437299035,484.0,1153,0.419774501300954,117486.0,570.0,660.0,560.0,670.0,23.0,29.0,14086.0,21867,0.6441670096492431,116838.41661258922,1858.5334198572355,2030.4996755353666,23916.93705386113,34917.585983127836,43192.73199221285,253101.23296560676
195003,,Rochester Institute of Technology,RIT   R.I.T.,Monroe County,Rochester,NY,14623-5603,www.rit.edu/,2,88.0,13.0,2699.0,2760,1836,0.6652173913043479,743,490.0,0.6594885598923284,1112.0,1640,0.6780487804878049,95160.0,600.0,690.0,620.0,720.0,27.0,32.0,13964.0,19744,0.7072528363047001,101246.3875509448,15909.596146721007,6742.86772878844,23516.85809559096,19169.321971100406,20559.466469062616,354661.7265653946
196103,,SUNY College of Environmental Science and Forestry,ESF,Onondaga County,Syracuse,NY,13210,www.esf.edu,1,82.0,14.0,383.0,288,218,0.7569444444444444,66,48.0,0.7272727272727273,132.0,186,0.7096774193548387,79347.0,560.0,650.0,560.0,650.0,23.0,28.0,1155.0,1661,0.695364238410596,116266.227154047,48034.50391644909,4995.156657963446,32319.271540469974,17749.95822454308,44395.43603133159,101572.15143603133
181002,,Creighton University, ,Douglas County,Omaha,NE,68178,https://www.creighton.edu,2,90.0,11.0,1155.0,961,780,0.8116545265348595,145,111.0,0.7655172413793103,696.0,1029,0.6763848396501457,88921.0,590.0,670.0,580.0,680.0,23.0,29.0,6915.0,9381,0.7371282379277263,119720.34632034632,16845.887445887445,2672.7272727272725,68195.670995671,24044.155844155845,36064.93506493507,508245.88744588743
146719,89.0,Loyola University Chicago, ,Cook County,Chicago,IL,60660,https://www.luc.edu,2,85.0,14.0,2770.0,2512,1864,0.7420382165605095,675,404.0,0.5985185185185186,1028.0,1884,0.5456475583864119,100724.0,570.0,660.0,560.0,660.0,25.0,30.0,17198.0,25583,0.6722432865574796,70274.0332129964,8760.238267148014,1976.3555956678701,38507.230324909746,19786.44187725632,41884.4963898917,249215.8844765343
221759,115.0,The University of Tennessee-Knoxville, ,Knox County,Knoxville,TN,37996,www.utk.edu,1,87.0,17.0,5205.0,4261,3078,0.722365641868106,1228,765.0,0.6229641693811075,1818.0,2096,0.8673664122137404,101758.0,580.0,660.0,570.0,670.0,24.0,30.0,17160.0,21764,0.7884580040433744,66975.46878001922,57471.836311239196,24481.840345821325,20858.89990393852,12369.19404418828,13890.869740634005,150151.60902977907
218663,106.0,University of South Carolina-Columbia, ,Richland County,Columbia,SC,29208,www.sc.edu/,1,89.0,15.0,5849.0,4998,3837,0.7677070828331333,922,616.0,0.6681127982646421,1799.0,2464,0.7301136363636364,96362.0,600.0,680.0,580.0,690.0,25.0,31.0,21464.0,31268,0.686452603300499,75265.64797401265,28335.133698068046,10338.710548811763,16351.677722687638,11084.498204821337,12943.554453752778,104342.76902034535
186399,,Rutgers University-Newark,Rutgers University-Newark; Rutgers University; Newark; Rutgers; RU-Newark,Essex County,Newark,NJ,07102,https://www.newark.rutgers.edu,1,83.0,16.0,1318.0,984,679,0.6900406504065041,513,364.0,0.7095516569200779,691.0,1195,0.5782426778242677,127861.0,500.0,590.0,520.0,610.0,19.0,25.0,9873.0,13732,0.718977570637926,126281.48710166919,22546.28224582701,20292.109256449166,72367.22306525038,29578.907435508347,41323.21699544765,116490.89529590288
129242,,Fairfield University, ,Fairfield County,Fairfield,CT,06824-5195,fairfield.edu,2,90.0,12.0,1090.0,962,801,0.8326403326403327,146,113.0,0.773972602739726,322.0,322,1.0,99136.0,610.0,670.0,600.0,680.0,26.0,30.0,7035.0,12315,0.5712545676004872,67969.8614678899,1200.8467889908256,1827.3770642201835,17838.194495412845,29566.349541284402,36664.650458715594,311624.7706422018
216339,,Temple University,Temple,Philadelphia County,Philadelphia,PA,19122-6096,www.temple.edu,1,89.0,13.0,5009.0,4372,3224,0.737419945105215,1242,805.0,0.6481481481481481,2643.0,4405,0.6,100831.0,,,,,,,21375.0,35599,0.6004382145565886,106571.97045318427,43232.38171291675,4490.916350568976,35584.547813934914,16955.879417049313,35022.75903373927,136195.2485526053
104151,115.0,Arizona State University-Tempe,"ASU Tempe, ASU Main",Maricopa County,Tempe,AZ,85287,www.asu.edu/,1,88.0,20.0,8809.0,7045,4473,0.6349183818310858,1835,991.0,0.5400544959128065,2344.0,2972,0.7886944818304172,105685.0,560.0,670.0,560.0,690.0,22.0,28.0,29562.0,34188,0.8646893646893646,122237.48439096379,40986.03700760586,4549.665115223067,41152.11715291179,19204.109433533886,21069.13384039051,104677.37541151095
111948,,Chapman University, ,Orange County,Orange,CA,92866,https://www.chapman.edu,2,91.0,13.0,1606.0,1284,1035,0.8060747663551402,235,181.0,0.7702127659574468,542.0,545,0.9944954128440368,108606.0,600.0,680.0,590.0,700.0,25.0,31.0,7943.0,14273,0.55650528970784,98024.48816936488,8183.252179327522,235.59153175591533,38199.85803237858,19851.690535491904,32325.923412204233,252992.5280199253
231174,96.0,University of Vermont,University of Vermont and State Agricultural College  UVM  UVT  Vermont,Chittenden County,Burlington,VT,05405-0160,www.uvm.edu,1,87.0,16.0,2512.0,2482,1900,0.765511684125705,455,310.0,0.6813186813186813,1437.0,1854,0.7750809061488673,95501.0,600.0,680.0,580.0,680.0,26.0,31.0,12943.0,19233,0.672957936879322,83745.22292993631,43622.21337579618,29897.691082802547,30734.474522292992,20517.51592356688,23380.17515923567,225602.70700636943
155317,129.0,University of Kansas,"University of Kansas | Univ of Kansas | Kansas University | KU | Kansas Jayhawks | Univ of KS |University of KS | Kansas Univ | Kansas U, KUMC, University of Kansas Medical Center, KU Medical Center, Kansas University Medical Center",Douglas County,Lawrence,KS,66045,https://ku.edu,1,86.0,17.0,4097.0,3894,2590,0.6651258346173601,885,462.0,0.5220338983050847,2594.0,3065,0.8463295269168026,94809.0,,,,,22.0,29.0,14052.0,15093,0.9310276287020474,126422.21869660728,78211.720283134,15903.261898950452,18908.83011959971,11883.640224554552,17754.839150598,449638.8816206981
178396,129.0,University of Missouri-Columbia, ,Boone County,Columbia,MO,65211-1050,https://missouri.edu/,1,88.0,17.0,4615.0,6048,4313,0.7131283068783069,1335,791.0,0.5925093632958801,2304.0,3147,0.7321258341277407,88260.0,560.0,660.0,560.0,680.0,23.0,29.0,16158.0,20015,0.8072945291031727,81446.07367280607,34411.65352112676,27222.471939328276,18522.81625135428,10271.525460455037,11957.85698808234,228116.9479956663
145725,96.0,Illinois Institute of Technology,IIT,Cook County,Chicago,IL,60616,web.iit.edu/,2,88.0,12.0,608.0,458,321,0.7008733624454149,138,91.0,0.6594202898550725,418.0,713,0.5862552594670407,115397.0,570.0,670.0,620.0,730.0,26.0,32.0,3041.0,5049,0.6022974846504259,141230.26315789475,91639.80263157895,0.0,21837.17105263158,28361.842105263157,65832.23684210527,395639.80263157893
153603,119.0,Iowa State University,ISU,Story County,Ames,IA,50011-2103,www.iastate.edu,1,87.0,18.0,5909.0,6043,4475,0.7405262286943571,1206,780.0,0.6467661691542289,1595.0,1910,0.8350785340314136,102150.0,540.0,650.0,560.0,690.0,22.0,28.0,16796.0,18246,0.9205305272388469,56123.4427145033,33986.7378575055,15750.157556270096,38905.18835674395,6993.477745811474,13413.75055000846,178854.1245557624
190044,102.0,Clarkson University, ,St. Lawrence County,Potsdam,NY,13699,https://www.clarkson.edu,2,88.0,14.0,797.0,756,590,0.7804232804232805,190,142.0,0.7473684210526316,252.0,361,0.6980609418282548,96600.0,560.0,660.0,600.0,690.0,23.0,30.0,4978.0,6673,0.7459913082571556,70441.66750313676,15127.573400250942,645.0175658720201,16090.726474278545,25124.400250941027,22099.884567126726,253072.10037641154
131450,,Gallaudet University, ,District of Columbia,Washington,DC,20002-3695,www.gallaudet.edu,2,75.0,6.0,201.0,200,102,0.51,116,57.0,0.49137931034482757,185.0,185,1.0,90911.0,400.0,535.0,385.0,510.0,14.0,19.0,292.0,477,0.6121593291404612,278420.4527363184,37299.81592039801,13751.358208955224,77175.36815920398,61649.28855721393,151045.91044776118,925247.3980099503
202480,127.0,University of Dayton, ,Montgomery County,Dayton,OH,45469,https://udayton.edu,2,89.0,14.0,2198.0,1783,1454,0.8154795288839035,209,159.0,0.7607655502392344,710.0,1111,0.639063906390639,81725.0,560.0,650.0,560.0,670.0,23.0,29.0,12578.0,17462,0.7203069522391479,62172.42948134668,72319.38125568698,103.73066424021837,19543.22111010009,12522.292993630574,27520.018198362148,274388.08007279347
207500,124.0,University of Oklahoma-Norman Campus,University of Oklahoma|Oklahoma University|OU|Oklahoma,Cleveland County,Norman,OK,73019-3072,www.ou.edu,1,88.0,17.0,3819.0,3692,2593,0.702329360780065,779,461.0,0.5917843388960206,1663.0,1998,0.8323323323323323,92637.0,560.0,650.0,550.0,660.0,23.0,29.0,12603.0,15673,0.8041217380208001,74231.99790521078,40504.32050274941,14595.181984812778,24444.619010212096,7904.948939512961,11167.844985598324,17211.31186174391
193654,,The New School,New School University  Parsons The New School for Design  New School for Social Research  Eugene Lang College  Mannes College  The New School for Drama  The New School for Jazz and Contemporary Music  The New School for Public Engagement,New York County,New York,NY,10011-8871,https://www.newschool.edu/,2,82.0,9.0,1758.0,996,695,0.6977911646586346,236,148.0,0.6271186440677966,416.0,2395,0.17369519832985386,106980.0,590.0,680.0,560.0,700.0,25.0,30.0,5280.0,9208,0.573414422241529,88617.74744027304,9824.800910125143,0.0,51940.84186575654,18965.301478953355,40160.40955631399,227108.64618885098
102049,,Samford University, ,Jefferson County,Birmingham,AL,35229-2240,www.samford.edu,2,89.0,12.0,958.0,754,576,0.7639257294429708,103,67.0,0.6504854368932039,395.0,402,0.9825870646766169,82240.0,550.0,640.0,520.0,610.0,23.0,29.0,3259.0,3912,0.8330777096114519,94550.74217118998,0.0,3844.5605427974947,14168.669102296451,29372.59916492693,19950.10229645094,362356.0730688935
186371,,Rutgers University-Camden,"Rutgers, The State University of New Jersey|Rutgers University-Camden Rutgers|Rutgers,Camden|Rutgers-Camden|Rutgers, Camden|Rutgers, New Jersey|Rutgers U|",Camden County,Camden,NJ,08102,https://www.camden.rutgers.edu,1,85.0,15.0,817.0,494,319,0.645748987854251,233,148.0,0.6351931330472103,341.0,783,0.4355044699872286,108832.0,490.0,590.0,490.0,580.0,18.0,22.0,8277.0,10451,0.7919816285522916,117630.35495716034,7161.566707466341,18957.16034271726,48515.29987760098,29176.25458996328,28555.691554467565,57471.23623011016
216366,,Thomas Jefferson University,Jefferson (Philadelphia University + Thomas Jefferson University)  Philadelphia University  PhilaU  Jefferson,Philadelphia County,Philadelphia,PA,19107,www.jefferson.edu,2,84.0,12.0,561.0,537,375,0.6983240223463687,160,95.0,0.59375,1299.0,2393,0.5428332636857501,80933.0,540.0,630.0,530.0,630.0,21.0,28.0,2844.0,4317,0.6587908269631688,332249.5543672014,331465.2406417112,0.0,18730.83778966132,30614.973262032086,122474.15329768271,1700850.2673796793
144740,,DePaul University, ,Cook County,Chicago,IL,60604,https://www.depaul.edu,2,85.0,16.0,2570.0,2419,1787,0.7387350144687888,756,514.0,0.6798941798941799,870.0,1837,0.47359825802939576,99670.0,,,,,,,18348.0,26895,0.6822085889570552,108248.24902723735,3102.3346303501944,3732.684824902724,22818.677042801555,28728.4046692607,26069.260700389106,270992.9961089494
236595,,Seattle University,Seattle U,King County,Seattle,WA,98122-4340,www.seattleu.edu,2,88.0,11.0,1074.0,958,705,0.7359081419624217,188,127.0,0.675531914893617,522.0,758,0.6886543535620053,86781.0,580.0,660.0,570.0,660.0,24.0,30.0,6253.0,7968,0.7847640562248996,102419.60986964618,1265.36312849162,0.0,15947.24767225326,39142.64990689013,45019.304469273746,218194.3472998138
186584,,Seton Hall University, ,Essex County,South Orange,NJ,07079-2697,www.shu.edu/,2,83.0,13.0,1524.0,1338,974,0.7279521674140508,375,250.0,0.6666666666666666,532.0,568,0.9366197183098591,90099.0,580.0,660.0,570.0,670.0,24.0,29.0,14548.0,19757,0.7363466113276307,76378.60892388452,1878.6089238845145,4049.212598425197,32383.858267716536,35229.00262467191,36423.22834645669,233554.4619422572
157085,147.0,University of Kentucky, ,Fayette County,Lexington,KY,40506-0032,www.uky.edu,1,85.0,16.0,4980.0,4613,3067,0.6648601777585086,1195,651.0,0.5447698744769874,3052.0,3468,0.8800461361014994,98268.0,540.0,650.0,530.0,670.0,22.0,29.0,17981.0,18759,0.9585265739111893,68874.44196787149,67501.63975903614,134871.51224899598,25197.17550200803,9880.959036144579,18463.70361445783,278214.2767068273
153269,,Drake University,Drake,Polk County,Des Moines,IA,50311-4505,www.drake.edu,2,84.0,10.0,749.0,847,688,0.8122786304604487,132,87.0,0.6590909090909091,332.0,496,0.6693548387096774,85924.0,560.0,680.0,540.0,690.0,24.0,31.0,4697.0,6944,0.6764112903225806,72920.82242990655,1220.8130841121495,15398.49132176235,30098.53137516689,38840.67556742323,26058.104138851802,301942.46461949265
183044,106.0,University of New Hampshire-Main Campus, ,Strafford County,Durham,NH,03824-3547,www.unh.edu,1,86.0,17.0,2986.0,2867,2192,0.7645622602023021,624,456.0,0.7307692307692307,881.0,1153,0.764093668690373,100436.0,540.0,640.0,530.0,630.0,22.0,28.0,15159.0,18040,0.84029933481153,56103.952109845945,40156.07300736772,5385.271935699933,22641.44474212994,8784.925987943738,14015.381446751508,136378.36403215004
174914,,University of St Thomas,University of Saint Thomas  UST,Ramsey County,Saint Paul,MN,55105-1078,www.stthomas.edu,2,87.0,14.0,1640.0,1366,1040,0.7613469985358712,251,177.0,0.7051792828685259,446.0,849,0.525323910482921,98715.0,570.0,660.0,590.0,690.0,24.0,29.0,5824.0,7232,0.8053097345132744,79342.17317073171,820.1426829268293,2064.8225609756096,15166.525609756098,20459.996951219513,27121.92743902439,293750.9457317073
207971,106.0,University of Tulsa,Tulsa University,Tulsa County,Tulsa,OK,74104-3189,https://utulsa.edu,2,87.0,11.0,803.0,851,615,0.7226792009400705,125,71.0,0.568,355.0,461,0.7700650759219089,91894.0,550.0,670.0,540.0,690.0,24.0,31.0,3510.0,9793,0.35841927907689164,91770.20298879204,23721.06102117061,9604.768368617684,42386.520547945205,18114.38605230386,32376.895392278955,1406547.9452054794
232186,,George Mason University,Mason,Fairfax County,Fairfax,VA,22030-4444,https://www2.gmu.edu/,1,86.0,17.0,3664.0,2989,2112,0.7065908330545333,752,504.0,0.6702127659574468,1429.0,2740,0.5215328467153285,103427.0,560.0,660.0,550.0,660.0,24.0,30.0,16962.0,19554,0.8674440012273703,105965.09415938865,35464.85725982533,7383.644923580786,24238.409115720526,10668.596615720524,17157.868995633187,27234.404475982534
100751,129.0,The University of Alabama, ,Tuscaloosa County,Tuscaloosa,AL,35487-0100,www.ua.edu/,1,87.0,20.0,6632.0,6385,4540,0.7110415035238841,1133,631.0,0.5569285083848191,1584.0,2083,0.7604416706673067,93219.0,550.0,660.0,530.0,680.0,23.0,31.0,31835.0,38505,0.8267757434099468,54554.756785283476,12930.875753920385,7659.027744270205,17094.19074185766,10099.701145958987,18116.145205066347,125579.37409529554
100663,,University of Alabama at Birmingham, ,Jefferson County,Birmingham,AL,35294-0110,https://www.uab.edu,1,83.0,19.0,2245.0,1727,1095,0.6340474811812391,581,313.0,0.5387263339070568,2631.0,3040,0.8654605263157895,99028.0,560.0,680.0,530.0,685.0,22.0,29.0,6112.0,8298,0.7365630272354784,132373.9737193764,137752.42538975502,81078.39643652561,78474.61514476615,19727.255679287304,67878.32026726058,239353.81158129175
132903,,University of Central Florida,UCF,Orange County,Orlando,FL,32816,www.ucf.edu/,1,91.0,30.0,7057.0,5811,4200,0.7227671657201858,1896,1321.0,0.6967299578059072,1921.0,1968,0.9761178861788617,95955.0,590.0,670.0,580.0,670.0,25.0,30.0,20016.0,45118,0.44363668602331663,62244.301827972224,25104.17826271787,2561.0345755986964,15020.937792263001,9022.386424826413,16051.461952671107,23071.669831373103
110583,,California State University-Long Beach,Cal State Long Beach,Los Angeles County,Long Beach,CA,90840-0115,www.csulb.edu,1,87.0,24.0,4852.0,4119,3028,0.7351298858946346,2077,1498.0,0.7212325469427058,1077.0,2251,0.47845402043536206,92982.0,520.0,620.0,520.0,630.0,20.0,26.0,28019.0,71355,0.392670450564081,52440.63829348722,612.164056059357,611.1263396537511,12313.563066776587,13570.3812860676,11577.381698268755,16354.42230008244
163268,,University of Maryland-Baltimore County,UMBC,Baltimore County,Baltimore,MD,21250,umbc.edu,1,87.0,17.0,1777.0,1652,1173,0.7100484261501211,341,231.0,0.6774193548387096,724.0,1126,0.6429840142095915,94184.0,590.0,670.0,590.0,690.0,24.0,29.0,7227.0,11842,0.6102854247593312,73216.20709060214,41119.66629150253,11903.069780528982,14113.640405177264,13744.09960607766,25066.208778840744,57405.17726505346
131283,129.0,The Catholic University of America, ,District of Columbia,Washington,DC,20064,https://www.catholic.edu,2,88.0,10.0,833.0,836,605,0.7236842105263158,106,66.0,0.6226415094339622,381.0,702,0.5427350427350427,91921.0,,,,,,,4838.0,5668,0.8535638673253352,124747.40096038416,22989.30492196879,3055.2004801920766,17634.51380552221,37719.857142857145,33695.85114045618,323956.55942376953
167783,,Simmons University, ,Suffolk County,Boston,MA,02115-5898,www.simmons.edu,2,83.0,8.0,393.0,338,273,0.8076923076923077,96,77.0,0.8020833333333334,242.0,983,0.2461851475076297,73958.0,570.0,660.0,540.0,630.0,23.0,29.0,2145.0,2933,0.7313331060347766,279109.1526717557,2514.788804071247,1191.613231552163,48626.74554707379,29146.541984732823,97007.05089058525,497898.69465648854
117140,,University of La Verne,La Verne,Los Angeles County,La Verne,CA,91750-4401,www.laverne.edu/,2,82.0,14.0,670.0,557,408,0.7324955116696589,260,184.0,0.7076923076923077,265.0,738,0.35907859078590787,85666.0,520.0,600.0,520.0,590.0,19.0,24.0,3763.0,6864,0.5482226107226107,101188.48059701493,0.0,0.0,27990.153731343282,30102.985074626864,59589.64776119403,163240.57462686568
181464,129.0,University of Nebraska-Lincoln, ,Lancaster County,Lincoln,NE,68588,www.unl.edu/,1,81.0,17.0,4802.0,4392,2877,0.6550546448087432,1012,589.0,0.5820158102766798,1760.0,2096,0.8396946564885496,100104.0,560.0,670.0,560.0,690.0,22.0,28.0,13165.0,16829,0.782280587081823,58315.618284048316,57879.373594335695,18704.773011245314,15670.088088296543,4506.312994585589,10948.042274052477,272697.6911703457
228787,,The University of Texas at Dallas,UT Dallas,Dallas County,Richardson,TX,75080-3021,www.utdallas.edu,1,89.0,25.0,3751.0,2193,1531,0.6981304149566804,594,391.0,0.6582491582491582,944.0,1296,0.7283950617283951,115337.0,610.0,710.0,630.0,750.0,26.0,33.0,11260.0,14327,0.7859286661548126,69716.62996534258,32664.782191415623,4337.140762463343,21009.030391895496,6155.037056784858,16145.29058917622,148884.64916022395
120883,106.0,University of the Pacific,Pacific | UOP | University of Pacific | Pacific University | U. Pacific | Univ. of Pacific | U. of Pacific,San Joaquin County,Stockton,CA,95211-0197,www.pacific.edu,2,83.0,14.0,757.0,958,678,0.7077244258872651,298,189.0,0.6342281879194631,423.0,869,0.48676639815880324,98936.0,550.0,660.0,570.0,700.0,23.0,31.0,8592.0,13096,0.6560781918142944,214924.34478203434,19590.447820343463,0.0,38287.762219286655,55425.150594451785,95124.2179656539,612038.2324966975
126818,140.0,Colorado State University-Fort Collins, ,Larimer County,Fort Collins,CO,80523-0100,colostate.edu,1,84.0,14.0,5180.0,4315,3004,0.6961761297798378,932,577.0,0.619098712446352,1476.0,2083,0.7085933749399904,94571.0,540.0,650.0,530.0,640.0,23.0,29.0,23038.0,28319,0.8135174264627988,73144.69652509653,50071.12760617761,33851.09942084942,22504.82548262548,7699.792857142857,13492.346718146719,75647.78127413128
190567,,CUNY City College,City | City College | CCNY | City College of New York,New York County,New York,NY,10031,www.ccny.cuny.edu,1,84.0,14.0,1804.0,1431,804,0.5618448637316562,865,474.0,0.5479768786127167,569.0,1413,0.402689313517339,107663.0,520.0,610.0,520.0,640.0,,,13953.0,30013,0.46489854396428215,132142.48503325944,39752.09866962306,5332.79933481153,22449.40576496674,12794.053215077605,26912.293237250553,177574.99722838137
212106,,Duquesne University, ,Allegheny County,Pittsburgh,PA,15282,www.duq.edu,2,85.0,13.0,1370.0,1535,1240,0.8078175895765473,290,209.0,0.7206896551724138,515.0,996,0.5170682730923695,85421.0,570.0,650.0,560.0,650.0,23.0,28.0,5375.0,7231,0.7433273406167888,85509.48905109489,10204.379562043796,4277.3722627737225,29459.12408759124,12983.211678832116,35513.13868613139,356460.5839416058
171128,136.0,Michigan Technological University,Michigan Tech|MTU|Michigan Tech University|Mich Tech|Michigan Technological Univ|Michigan Tech Univ|MT,Houghton County,Houghton,MI,49931-1295,https://www.mtu.edu,1,84.0,12.0,1245.0,1250,869,0.6952,316,188.0,0.5949367088607594,484.0,530,0.9132075471698113,94868.0,580.0,680.0,590.0,690.0,25.0,30.0,4442.0,5978,0.7430578788892607,62541.93172690763,53290.57751004016,9067.517269076305,21546.704417670684,13249.333333333334,22436.306024096386,91281.04176706828
130226,,Quinnipiac University, ,New Haven County,Hamden,CT,06518,www.qu.edu,2,84.0,12.0,1895.0,1795,1390,0.7743732590529248,299,204.0,0.6822742474916388,447.0,1157,0.3863439930855661,102095.0,,,,,,,15885.0,22653,0.7012316249503378,89062.59788918206,801.9387862796834,0.0,13001.27598944591,31933.012137203164,0.0,293722.3588390501
122409,,San Diego State University, ,San Diego County,San Diego,CA,92182-0001,www.sdsu.edu,1,89.0,27.0,5646.0,4432,3227,0.7281137184115524,1464,1024.0,0.6994535519125683,963.0,1824,0.5279605263157895,99662.0,560.0,650.0,550.0,670.0,22.0,29.0,23905.0,70048,0.3412659890360895,44110.30959971662,1141.5874955720865,1228.471307120085,13069.107332624868,18678.314381863267,7702.169854764435,55288.97732908254
201885,,University of Cincinnati-Main Campus, ,Hamilton County,Cincinnati,OH,45221-0063,www.uc.edu,1,88.0,17.0,5291.0,4424,3154,0.7129294755877035,1002,597.0,0.5958083832335329,2456.0,3738,0.657035848047084,92874.0,560.0,660.0,560.0,690.0,23.0,29.0,18102.0,23609,0.7667414968867805,77716.68928368928,38327.87053487053,17940.73899073899,27869.282366282365,12386.83367983368,23963.35324135324,273999.6675486675
176017,,University of Mississippi,Ole Miss,Lafayette County,University,MS,38677-1848,www.olemiss.edu,1,87.0,16.0,3400.0,3557,2341,0.6581388810795614,878,444.0,0.5056947608200456,2172.0,2549,0.8520988622989407,83000.0,520.0,630.0,500.0,620.0,21.0,29.0,14325.0,16253,0.8813757460161201,97330.28647058824,47321.17470588235,6420.460588235294,20542.65205882353,7341.034705882353,47107.36088235294,216555.23882352942
204857,,Ohio University-Main Campus, ,Athens County,Athens,OH,45701-2979,https://www.ohio.edu,1,82.0,15.0,3971.0,4236,2759,0.6513220018885741,1143,621.0,0.5433070866141733,1116.0,1490,0.748993288590604,82991.0,530.0,640.0,520.0,620.0,21.0,26.0,19843.0,24179,0.8206708300591422,69460.38000503651,12715.894485016368,8508.257869554269,22973.75421808109,13596.225132208512,14674.452530848654,146224.28531855956
106397,147.0,University of Arkansas,University of Arkansas|Arkansas,Washington County,Fayetteville,AR,72701,https://www.uark.edu,1,84.0,18.0,4977.0,4294,2843,0.6620866325104797,924,452.0,0.48917748917748916,1386.0,1628,0.8513513513513513,90348.0,570.0,650.0,550.0,650.0,23.0,30.0,13809.0,17913,0.7708926477976888,56447.119549929674,34029.66083986337,20488.32529636327,13863.170785613824,9457.894916616435,10560.292143861765,245516.38175607796
236939,,Washington State University, ,Whitman County,Pullman,WA,99164-5910,wsu.edu/,1,79.0,16.0,5048.0,4057,2443,0.6021690904609317,1316,659.0,0.5007598784194529,1907.0,2488,0.7664790996784566,89844.0,510.0,620.0,510.0,610.0,20.0,26.0,16247.0,21434,0.7580013063357283,57888.590530903326,46230.21572900158,8301.97444532488,19912.56061806656,6691.151941362916,24358.689580031696,211720.13450871632
